,pred,true
0,1.2740489,1.2171801
1,1.2826703,1.1914333
2,1.2941521,1.1659757
3,1.2888523,1.1394649
4,1.2447189,1.1132199
5,1.2444882,1.0822345
6,1.2521664,1.0484133
7,1.2462106,1.0121065
8,1.2224603,0.97248673
9,1.1941066,0.9348043
10,1.1584585,0.8965517
11,1.1159713,0.8560493
12,1.044126,0.8119547
13,0.97458595,0.76376617
14,0.9052028,0.7146113
15,0.8029594,0.66182756
16,0.697741,0.6065058
17,0.64769465,0.55259705
18,0.5498112,0.50078815
19,0.45924553,0.4486751
20,0.37902188,0.39724135
21,0.28943807,0.34625328
22,0.23135896,0.29511657
23,0.14279969,0.24061197
24,0.08821362,0.18503791
25,0.028524024,0.12786074
26,-0.04406975,0.07126267
27,-0.09516251,0.015474127
28,-0.13071021,-0.04108878
29,-0.1760168,-0.09657329
30,-0.21922977,-0.15101844
31,-0.25387508,-0.2041693
32,-0.2896551,-0.2548653
33,-0.33340654,-0.30517486
34,-0.3613285,-0.355464
35,-0.39283472,-0.40342715
36,-0.4166858,-0.44811365
37,-0.44522235,-0.49047562
38,-0.49653742,-0.53103065
39,-0.5083681,-0.5694176
40,-0.5186448,-0.6064673
41,-0.54081273,-0.6436196
42,-0.55927944,-0.6803701
43,-0.57717514,-0.7167076
44,-0.5949513,-0.7503441
45,-0.5971462,-0.7821706
46,-0.6113408,-0.81224215
47,-0.62251776,-0.8403466
48,-0.6271472,-0.86653185
49,-0.6270918,-0.89084923
50,-0.6399659,-0.9135457
51,-0.65570045,-0.9349276
52,-0.6605736,-0.9554516
53,-0.6811822,-0.9745203
54,-0.7005709,-0.99179363
55,-0.72541296,-1.007507
56,-0.7496122,-1.0219843
57,-0.77485335,-1.0351268
58,-0.80412364,-1.0471863
59,-0.8289607,-1.0584751
60,-0.85957986,-1.0692483
61,-0.9199665,-1.0794345
62,-0.9741284,-1.0885167
63,-0.9809463,-1.0967991
64,-1.0033079,-1.1043385
65,-1.0187756,-1.1112796
66,-1.0030984,-1.117734
67,-0.9792477,-1.1240566
68,-0.9982846,-1.1304001
69,-0.99506557,-1.1369344
70,-1.006203,-1.1437539
71,-1.010283,-1.1509922
72,-0.99448156,-1.1585635
73,-0.97736377,-1.1665237
74,-0.9652238,-1.174849
75,-0.98694724,-1.1835424
76,-0.97091097,-1.1924905
77,-0.9943217,-1.2016383
78,-1.0080844,-1.2108443
79,-1.032381,-1.2200407
80,-1.0546359,-1.2290772
81,-1.0858331,-1.2378844
82,-1.1223522,-1.2463044
83,-1.1359562,-1.2542547
84,-1.1474929,-1.261576
85,-1.1558429,-1.2681911
86,-1.1607018,-1.2739555
87,-1.1613057,-1.278808
88,-1.1648883,-1.282627
89,-1.1700387,-1.2853743
90,-1.164144,-1.2869552
91,-1.1766795,-1.2873579
92,-1.1620423,-1.2865176
93,-1.1791046,-1.2844447
94,-1.1597265,-1.2810938
95,-1.165062,-1.276483
96,-1.1561116,-1.2705686
97,-1.1617728,-1.2633749
98,-1.1576177,-1.254863
99,-1.1548132,-1.245044
100,-1.1383411,-1.2338588
101,-1.1000309,-1.2212865
102,-1.1055349,-1.2072387
103,-1.108493,-1.1916709
104,-1.1061268,-1.174503
105,-1.1160593,-1.1556836
106,-1.1178252,-1.1350696
107,-1.0787988,-1.11254
108,-1.0588541,-1.0878736
109,-1.0550051,-1.0609773
110,-1.0278246,-1.0317829
111,-1.03474,-1.0003583
112,-1.0142435,-0.9668267
113,-1.004983,-0.9309039
114,-1.0013114,-0.89235854
115,-0.98252535,-0.8518265
116,-0.9726241,-0.8094428
117,-0.9537149,-0.7651974
118,-0.9161589,-0.71920896
119,-0.89594895,-0.6721251
120,-0.8748924,-0.62395996
121,-0.83281237,-0.57500875
122,-0.79797345,-0.5265369
123,-0.7832166,-0.47818145
124,-0.7481513,-0.42912325
125,-0.70306396,-0.3794443
126,-0.63950354,-0.32891652
127,-0.5620144,-0.27770087
128,-0.4748057,-0.22457536
129,-0.36732835,-0.17015474
130,-0.30591545,-0.116341464
131,-0.23571302,-0.06165399
132,-0.16516748,-0.005786179
133,-0.13300024,0.05078895
134,-0.10869878,0.10773478
135,-0.041438498,0.16375
136,-0.047416892,0.21783747
137,-0.036036182,0.268756
138,-0.025724601,0.31718513
139,-0.00997099,0.3665026
140,-0.002342716,0.41415954
141,0.049431935,0.4600888
142,0.10378366,0.5064009
143,0.15714633,0.5522738
144,0.21918786,0.59698874
145,0.2770048,0.64015245
146,0.32150033,0.6831974
147,0.38662165,0.72432363
148,0.44227615,0.7622785
149,0.46736297,0.7984195
150,0.46948674,0.8316758
151,0.46197298,0.8616149
152,0.43411765,0.88804793
153,0.37940738,0.9085784
154,0.37679884,0.92245966
155,0.3538926,0.9283017
156,0.3777165,0.92681533
157,0.29726085,0.9260594
158,0.11787554,0.92371994
159,-0.10894564,0.91925454
160,-0.36128935,0.9142696
161,-0.50721824,0.9063411
162,-0.57964456,0.8957109
163,-0.56469375,0.88374585
164,-0.5394616,0.86967975
165,-0.5227206,0.85332435
166,-0.40899086,0.83470494
167,-0.2784896,0.81454015
168,-0.1395293,0.7919706
169,0.0021575817,0.7670582
170,0.0785361,0.7402694
171,0.16911997,0.7100095
172,0.23662993,0.67723805
173,0.29821455,0.64177954
174,0.3603002,0.60357493
175,0.42589033,0.5669018
176,0.45474362,0.52944016
177,0.4542521,0.4913744
178,0.44958332,0.4536015
179,0.4007506,0.41436315
180,0.33570763,0.37351152
181,0.2743312,0.33081105
182,0.22343479,0.28667974
183,0.15774408,0.24245785
184,0.09683955,0.19752845
185,0.023119152,0.15226212
186,-0.027028974,0.105414316
187,-0.0847903,0.05863599
188,-0.12893885,0.012208894
189,-0.17795458,-0.035290763
190,-0.19878447,-0.08307548
191,-0.23680519,-0.1293966
192,-0.27870247,-0.17212653
193,-0.30969393,-0.21182673
194,-0.33573842,-0.25036812
195,-0.36366048,-0.28859636
196,-0.40837878,-0.32490304
197,-0.41484076,-0.35794914
198,-0.44343328,-0.38987467
199,-0.46079504,-0.42123443
200,-0.4625709,-0.4501006
201,-0.48367023,-0.4760684
202,-0.483246,-0.49863645
203,-0.48426905,-0.51740384
204,-0.49210277,-0.5350526
205,-0.48813936,-0.55035895
206,-0.49310514,-0.5636409
207,-0.48570904,-0.5757689
208,-0.48188627,-0.58737004
209,-0.4811797,-0.5976424
210,-0.47624007,-0.60313857
211,-0.46514332,-0.60453176
212,-0.47239485,-0.6039608
213,-0.46230417,-0.6028652
214,-0.45608342,-0.59943545
215,-0.45484063,-0.5939357
216,-0.43422982,-0.58662355
217,-0.4153771,-0.57628536
218,-0.38810578,-0.563357
219,-0.39181593,-0.5486042
220,-0.39314967,-0.5305106
221,-0.41068068,-0.50757146
222,-0.4046638,-0.48145896
223,-0.40846816,-0.4528975
224,-0.4178287,-0.4225534
225,-0.4381897,-0.39005432
226,-0.43801025,-0.3555272
227,-0.36865425,-0.32038268
228,-0.3496496,-0.2820262
229,-0.3308477,-0.24063884
230,-0.26304576,-0.19813597
231,-0.2080987,-0.15325639
232,-0.12296186,-0.105598755
233,-0.062628925,-0.05725157
234,0.009293174,-0.0098158
235,0.09156096,0.03937816
236,0.16038083,0.0896372
237,0.23987767,0.13929276
238,0.34047434,0.1875143
239,0.43693182,0.23774463
240,0.5197818,0.28943956
241,0.6154154,0.33958364
242,0.6909767,0.38727567
243,0.76266235,0.43631843
244,0.82826275,0.48644447
245,0.8876864,0.53722566
246,0.93329203,0.587789
247,0.960038,0.63559014
248,0.9986389,0.6815716
249,1.040152,0.727526
250,1.0924081,0.7754987
251,1.1274273,0.8239423
252,1.1533093,0.8688034
253,1.1781166,0.91177666
254,1.2043061,0.95443314
255,1.2335391,0.9959404
256,1.2512022,1.031559
257,1.2690245,1.0658003
258,1.2971418,1.1003455
259,1.319151,1.1311556
260,1.3425152,1.1592275
261,1.3592737,1.1901133
262,1.3740394,1.2202752
263,1.3905237,1.2507408
264,1.4025766,1.2762969
265,1.4190698,1.2938327
266,1.4373626,1.305667
267,1.4366174,1.3142524
268,1.4592735,1.3216372
269,1.4746045,1.3283108
270,1.47587,1.3311793
271,1.4770863,1.3280339
272,1.472661,1.320218
273,1.4519942,1.309416
274,1.3874265,1.2912061
275,1.2988329,1.2700956
276,1.1887928,1.248013
277,1.0656296,1.223143
278,0.94887125,1.198283
279,0.8728853,1.1760442
280,0.79999506,1.1522182
281,0.75642455,1.1266057
282,0.7138162,1.094542
283,0.69697005,1.0566124
284,0.6652358,1.0170423
285,0.6219621,0.97568864
286,0.60394233,0.93374497
287,0.5592036,0.8930508
288,0.51716864,0.8518202
289,0.48354962,0.8076933
290,0.45868236,0.76085263
291,0.3957037,0.71232903
292,0.3266039,0.6608566
293,0.28318682,0.6087629
294,0.23968405,0.556098
295,0.20093702,0.50423807
296,0.16321543,0.45345634
297,0.1234262,0.40435088
298,0.08362548,0.35578582
299,0.049023442,0.30565757
300,0.0041853003,0.24996918
301,-0.036229033,0.19263844
302,-0.072880454,0.13616253
303,-0.112948045,0.07995506
304,-0.1519412,0.02408112
305,-0.19029085,-0.029670976
306,-0.22809985,-0.08265301
307,-0.26337662,-0.13511361
308,-0.29619378,-0.186554
309,-0.33130333,-0.23744252
310,-0.3629138,-0.28709036
311,-0.3911854,-0.33625168
312,-0.42122394,-0.38442042
313,-0.44477677,-0.4294344
314,-0.46318895,-0.47230816
315,-0.48350716,-0.51254606
316,-0.5037619,-0.54964143
317,-0.52276313,-0.586205
318,-0.539853,-0.6234884
319,-0.5539572,-0.6601119
320,-0.5682118,-0.69551456
321,-0.5834525,-0.72886336
322,-0.5951742,-0.761048
323,-0.60523456,-0.790909
324,-0.6190434,-0.8196802
325,-0.63045603,-0.84638906
326,-0.6387877,-0.87138885
327,-0.6489214,-0.8947542
328,-0.66020566,-0.9162457
329,-0.6724507,-0.93684345
330,-0.68744856,-0.9563817
331,-0.70463353,-0.9741746
332,-0.73122895,-0.99076724
333,-0.7696033,-1.0056105
334,-0.8082505,-1.0188782
335,-0.84871584,-1.0313643
336,-0.88543457,-1.0431149
337,-0.91587377,-1.054371
338,-0.9718349,-1.0649948
339,-1.0049144,-1.0746248
340,-1.0108783,-1.0835186
341,-1.024344,-1.0917977
342,-1.0242423,-1.0996945
343,-0.98167706,-1.106891
344,-0.9331122,-1.1136599
345,-0.9141417,-1.1200845
346,-0.89178294,-1.1264855
347,-0.88959605,-1.1331174
348,-0.90144193,-1.1400484
349,-0.9072079,-1.1472843
350,-0.9230144,-1.1549437
351,-0.9405789,-1.1629411
352,-0.9666791,-1.1712703
353,-0.97824603,-1.179787
354,-1.0041443,-1.1884134
355,-1.0263091,-1.1970643
356,-1.0609189,-1.2056503
357,-1.0876826,-1.2140843
358,-1.1048584,-1.2222775
359,-1.1245856,-1.230135
360,-1.1364676,-1.2375454
361,-1.1527832,-1.2444042
362,-1.163525,-1.2506026
363,-1.1736667,-1.2560604
364,-1.1796318,-1.260687
365,-1.1847587,-1.2644299
366,-1.1892363,-1.2672026
367,-1.1823988,-1.2689853
368,-1.1888283,-1.2697059
369,-1.1701763,-1.2693379
370,-1.1807243,-1.2678336
371,-1.1568674,-1.2651815
372,-1.157003,-1.2613521
373,-1.1430454,-1.2563858
374,-1.1430855,-1.2502515
375,-1.133243,-1.2429906
376,-1.1244376,-1.2345464
377,-1.1033883,-1.2249297
378,-1.0608585,-1.2140386
379,-1.064589,-1.2018647
380,-1.0648396,-1.1882728
381,-1.0616368,-1.1732404
382,-1.0721239,-1.1565983
383,-1.0729191,-1.1382989
384,-1.0296357,-1.1181014
385,-1.0073131,-1.0958668
386,-1.0027912,-1.0714638
387,-0.9724745,-1.0450156
388,-0.981715,-1.0163317
389,-0.9608692,-0.985521
390,-0.9505192,-0.95244855
391,-0.94657266,-0.9172458
392,-0.9266586,-0.8799045
393,-0.9181215,-0.8412836
394,-0.9022088,-0.8013474
395,-0.8689088,-0.75987476
396,-0.8565641,-0.71709895
397,-0.84562236,-0.67389745
398,-0.8129035,-0.6302118
399,-0.7887676,-0.5867496
400,-0.7864703,-0.5426638
401,-0.76485574,-0.49820074
402,-0.7277978,-0.45331818
403,-0.6685057,-0.40733266
404,-0.59182924,-0.3599697
405,-0.50801724,-0.31117383
406,-0.41936815,-0.26194
407,-0.38525727,-0.21279763
408,-0.344272,-0.16257177
409,-0.28049502,-0.11156697
410,-0.24493046,-0.058666978
411,-0.21982077,-0.007254602
412,-0.1558855,0.042229287
413,-0.16812095,0.09001489
414,-0.16584168,0.13768664
415,-0.16519071,0.18599536
416,-0.16055457,0.23293099
417,-0.16516046,0.2769087
418,-0.13006566,0.32113734
419,-0.09423792,0.36537725
420,-0.057356443,0.40862918
421,-0.0027021908,0.45175102
422,0.049116015,0.49453765
423,0.09262048,0.5376272
424,0.1694083,0.5776412
425,0.24275447,0.61409855
426,0.29961595,0.6487495
427,0.34772804,0.6812879
428,0.40080047,0.7122714
429,0.4361349,0.7376837
430,0.43493292,0.75786465
431,0.4511814,0.77045906
432,0.41686773,0.7800822
433,0.4184955,0.78954726
434,0.39402497,0.7958317
435,0.35781008,0.79651254
436,0.27114686,0.7962008
437,0.14677747,0.79425
438,0.03271885,0.7898569
439,-0.07019966,0.78468186
440,-0.1264864,0.7787891
441,-0.15451492,0.77268827
442,-0.18648627,0.76241744
443,-0.124037646,0.7481589
444,-0.061569806,0.7332237
445,0.011497459,0.7173918
446,0.10420288,0.69877845
447,0.1576919,0.6779031
448,0.2387008,0.65499115
449,0.30252826,0.62883604
450,0.3643726,0.6020068
451,0.42150342,0.57470506
452,0.46318692,0.54551667
453,0.47419053,0.5128956
454,0.46293607,0.47989082
455,0.4564289,0.44538212
456,0.40977263,0.4088346
457,0.3462306,0.37147665
458,0.29008484,0.33425853
459,0.24311909,0.297098
460,0.18049298,0.25714263
461,0.123709075,0.21456814
462,0.054608878,0.17360045
463,0.006463008,0.13178273
464,-0.045517366,0.087877214
465,-0.0855917,0.045215547
466,-0.13093166,0.0027224713
467,-0.14912525,-0.037702516
468,-0.18571438,-0.07649342
469,-0.22596265,-0.1161625
470,-0.2547391,-0.15375592
471,-0.28064352,-0.19094642
472,-0.31053802,-0.22622642
473,-0.35465053,-0.25904787
474,-0.36241198,-0.2911849
475,-0.3887925,-0.32220885
476,-0.40418568,-0.3504536
477,-0.40391853,-0.37558126
478,-0.42461786,-0.39916602
479,-0.4245155,-0.42039678
480,-0.42676878,-0.43766013
481,-0.43611,-0.45324436
482,-0.42911026,-0.46811506
483,-0.43520033,-0.48094982
484,-0.42876005,-0.49329552
485,-0.42690593,-0.50171065
486,-0.4296918,-0.5084834
487,-0.4272086,-0.5152305
488,-0.41754463,-0.5182084
489,-0.42781773,-0.5204615
490,-0.4179201,-0.51995903
491,-0.41683233,-0.5158869
492,-0.42275822,-0.5110753
493,-0.4086234,-0.5051187
494,-0.39529815,-0.49540552
495,-0.37761745,-0.48246226
496,-0.3932248,-0.46553528
497,-0.40397534,-0.44395924
498,-0.42955852,-0.41925997
499,-0.4231887,-0.39182168
500,-0.42145112,-0.36259094
501,-0.41754177,-0.3315418
502,-0.41965896,-0.2987091
503,-0.40908146,-0.26230022
504,-0.3325833,-0.2233594
505,-0.30825356,-0.18184507
506,-0.2847917,-0.13880242
507,-0.2132995,-0.09509725
508,-0.1595378,-0.04925282
509,-0.07282023,-0.0025448075
510,-0.011959701,0.04299979
511,0.05884886,0.09013766
512,0.14132309,0.14183934
513,0.21223806,0.19417806
514,0.29482535,0.24670286
515,0.3903977,0.30075067
516,0.48483175,0.35357168
517,0.5668592,0.4032459
518,0.6561869,0.45266223
519,0.7256084,0.5050656
520,0.7915541,0.5586158
521,0.854562,0.6104286
522,0.9093698,0.6600916
523,0.95132124,0.7096311
524,0.9751985,0.75636184
525,1.0068855,0.8046227
526,1.0406079,0.8541371
527,1.0829178,0.9020356
528,1.1119568,0.9466955
529,1.1340332,0.9900382
530,1.159408,1.0380925
531,1.1862954,1.0834128
532,1.2156157,1.121762
533,1.2339625,1.1583922
534,1.2525594,1.1940304
535,1.2835503,1.2245486
536,1.3110958,1.2553844
537,1.343791,1.2882433
538,1.3733772,1.3198891
539,1.3979449,1.343193
540,1.4196546,1.3578727
541,1.4318404,1.3681041
542,1.440374,1.3747381
543,1.440747,1.3846042
544,1.4170262,1.3928956
545,1.4203031,1.3977468
546,1.4156927,1.3950869
547,1.371216,1.3846772
548,1.3364892,1.3757195
549,1.2739531,1.3627434
550,1.1951785,1.3413894
551,1.0592626,1.3160392
552,0.941724,1.2896069
553,0.8616227,1.2617862
554,0.8117566,1.2345825
555,0.7735228,1.2053424
556,0.7525539,1.1749837
557,0.72441816,1.1391443
558,0.7042631,1.0982114
559,0.68014234,1.0549487
560,0.67176294,1.01165
561,0.63756245,0.9707676
562,0.5951785,0.92820936
563,0.5702862,0.8836757
564,0.5191918,0.8349039
565,0.47674647,0.7834062
566,0.43327007,0.73275864
567,0.39918226,0.67964643
568,0.32976663,0.62471104
569,0.25677854,0.5679297
570,0.2075585,0.50897735
571,0.1597341,0.45164776
572,0.1160803,0.3966207
573,0.06823402,0.33994725
574,0.024708007,0.2841118
575,-0.02450969,0.22661096
576,-0.06767268,0.16732523
577,-0.11005834,0.10788854
578,-0.15538302,0.048986003
579,-0.1953198,-0.008579594
580,-0.23448627,-0.06499557
581,-0.27358174,-0.122076355
582,-0.31517366,-0.17895113
583,-0.35227504,-0.23306105
584,-0.38985303,-0.28592008
585,-0.42414466,-0.3394085
586,-0.457429,-0.3904949
587,-0.49118033,-0.4390851
588,-0.5175644,-0.48678368
589,-0.5425383,-0.5307135
590,-0.5666026,-0.5714185
591,-0.58822536,-0.6106356
592,-0.60620093,-0.64813143
593,-0.6238573,-0.685614
594,-0.6393558,-0.7219507
595,-0.6546934,-0.757243
596,-0.66927725,-0.79083997
597,-0.6826207,-0.8221791
598,-0.6972634,-0.8507325
599,-0.71161866,-0.878079
600,-0.72329706,-0.90393806
601,-0.73447675,-0.9277119
602,-0.7458883,-0.949907
603,-0.7566051,-0.97098804
604,-0.76712173,-0.98994786
605,-0.7796614,-1.0071287
606,-0.7916446,-1.0229365
607,-0.8061575,-1.0367972
608,-0.82392913,-1.0491569
609,-0.8450032,-1.0599881
610,-0.87232125,-1.0701036
611,-0.9029563,-1.0796468
612,-0.9384384,-1.0882683
613,-1.0027925,-1.096383
614,-1.0475186,-1.1034548
615,-1.0643318,-1.109893
616,-1.0819647,-1.1153806
617,-1.0830667,-1.1202987
618,-1.0590353,-1.1247938
619,-1.0323457,-1.1290636
620,-1.0376836,-1.1333263
621,-1.0246612,-1.137871
622,-1.0205144,-1.1427588
623,-1.0172287,-1.1481429
624,-1.0056351,-1.1539365
625,-1.0077233,-1.1602119
626,-1.0121417,-1.1669133
627,-1.0267011,-1.1740649
628,-1.0282592,-1.1815668
629,-1.0451723,-1.1893884
630,-1.0611546,-1.1973877
631,-1.0918013,-1.2055212
632,-1.1138598,-1.2136326
633,-1.1267873,-1.2216697
634,-1.1426524,-1.2294619
635,-1.1503853,-1.2369393
636,-1.1633472,-1.2439263
637,-1.1706128,-1.2503473
638,-1.1761689,-1.2560395
639,-1.1781503,-1.2609409
640,-1.1794115,-1.2649108
641,-1.1793474,-1.2679104
642,-1.1693153,-1.2698295
643,-1.1760638,-1.2706589
644,-1.1581967,-1.2703228
645,-1.1719701,-1.268839
646,-1.1502416,-1.266154
647,-1.1529374,-1.2622985
648,-1.1429869,-1.2572381
649,-1.147915,-1.2510067
650,-1.1446041,-1.2435719
651,-1.1402357,-1.2349567
652,-1.124404,-1.2251024
653,-1.0886104,-1.2139963
654,-1.0983802,-1.2015481
655,-1.1043743,-1.1877158
656,-1.1048034,-1.1723917
657,-1.1204367,-1.1554902
658,-1.1238301,-1.1368417
659,-1.0862992,-1.1163026
660,-1.0667757,-1.0936655
661,-1.0674678,-1.0688543
662,-1.0432025,-1.0418693
663,-1.0565265,-1.0127563
664,-1.0429784,-0.9811473
665,-1.0398176,-0.9472164
666,-1.0426061,-0.911168
667,-1.0293653,-0.8728558
668,-1.025018,-0.83254695
669,-1.0124927,-0.7904028
670,-0.9836305,-0.74654955
671,-0.9730865,-0.70130503
672,-0.9613557,-0.65460414
673,-0.92711604,-0.6069383
674,-0.8997856,-0.55961466
675,-0.8917215,-0.51234996
676,-0.8613527,-0.46482423
677,-0.81299603,-0.41603258
678,-0.7363049,-0.3659303
679,-0.6375081,-0.31511927
680,-0.5352531,-0.26339132
681,-0.43518,-0.21204211
682,-0.393474,-0.15922232
683,-0.39417616,-0.10520856
684,-0.35725814,-0.049740363
685,-0.31240898,0.007578178
686,-0.27451175,0.0643834
687,-0.1989249,0.121423796
688,-0.20577912,0.17641383
689,-0.1964639,0.22843401
690,-0.18694432,0.2782136
691,-0.17348151,0.32916167
692,-0.16995533,0.3790563
693,-0.12359134,0.42692205
694,-0.07386431,0.47294986
695,-0.023110654,0.5194878
696,0.04449142,0.566651
697,0.11234113,0.61259824
698,0.16928208,0.6574588
699,0.24981582,0.6987227
700,0.31855595,0.7396287
701,0.3557036,0.77883
702,0.36917877,0.8186299
703,0.37008682,0.8548759
704,0.34582683,0.88486165
705,0.28931472,0.9099331
706,0.28438875,0.9276806
707,0.2605079,0.9374444
708,0.27008173,0.939674
709,0.15443113,0.94328403
710,-0.077353984,0.9465191
711,-0.35672295,0.9474333
712,-0.6070542,0.94360167
713,-0.70715845,0.9380564
714,-0.73985374,0.93110377
715,-0.72381294,0.92211455
716,-0.7052791,0.9121822
717,-0.69324297,0.90041864
718,-0.6035732,0.88656986
719,-0.49808928,0.8703265
720,-0.35845828,0.8542226
721,-0.18695006,0.8327902
722,-0.04570036,0.8080202
723,0.10471128,0.7804528
724,0.21235289,0.7506289
725,0.28548977,0.71866935
726,0.3564111,0.68445545
727,0.4262224,0.6508895
728,0.47348592,0.61744046
729,0.49567986,0.5828297
730,0.522028,0.5459108
731,0.47561008,0.50846905
732,0.4080351,0.46939066
733,0.34537995,0.42865857
734,0.29585996,0.38806587
735,0.2294755,0.34808928
736,0.17091325,0.30551186
737,0.09710583,0.26025787
738,0.047813684,0.21393155
739,-0.01094653,0.16503638
740,-0.052970838,0.11755383
741,-0.10264367,0.07246632
742,-0.12319318,0.029780647
743,-0.16165164,-0.011482692
744,-0.20463872,-0.052108105
745,-0.23561288,-0.092869975
746,-0.26056018,-0.13423017
747,-0.29107356,-0.17437784
748,-0.33795998,-0.21203524
749,-0.34527734,-0.2467248
750,-0.37582248,-0.27879742
751,-0.39162973,-0.3098889
752,-0.39302784,-0.33845955
753,-0.4142985,-0.36394915
754,-0.41271836,-0.38751334
755,-0.41458786,-0.4095297
756,-0.42522025,-0.42901063
757,-0.4231888,-0.44710213
758,-0.4296092,-0.46270344
759,-0.42614505,-0.47524276
760,-0.4251929,-0.48436242
761,-0.42942503,-0.49310693
762,-0.42806226,-0.50159895
763,-0.41920495,-0.50909704
764,-0.43089914,-0.51530725
765,-0.4239047,-0.5176158
766,-0.4222143,-0.51787084
767,-0.42871374,-0.5150815
768,-0.41466606,-0.5103008
769,-0.40267387,-0.5039777
770,-0.38340434,-0.4934139
771,-0.39998025,-0.479739
772,-0.40978238,-0.46199417
773,-0.4362743,-0.4416566
774,-0.43752587,-0.41795796
775,-0.44217694,-0.39161006
776,-0.45003068,-0.36281207
777,-0.46098486,-0.33247665
778,-0.45703235,-0.2998651
779,-0.38639566,-0.2658048
780,-0.36607996,-0.2302911
781,-0.34862047,-0.19375043
782,-0.28099823,-0.15541556
783,-0.23174456,-0.11472255
784,-0.14857902,-0.07213067
785,-0.089933954,-0.027153667
786,-0.024068594,0.017597992
787,0.056561444,0.06367423
788,0.12250403,0.113515876
789,0.20228933,0.1645611
790,0.30164889,0.21462132
791,0.39822075,0.26131886
792,0.48430905,0.30653265
793,0.58127654,0.34986517
794,0.6593085,0.3951997
795,0.7311266,0.44218302
796,0.8000641,0.49020803
797,0.8639781,0.5359987
798,0.91151696,0.5793053
799,0.93805575,0.6206874
800,0.97367626,0.661647
801,1.0130633,0.7049941
802,1.0661515,0.7501952
803,1.1024542,0.7943887
804,1.1345497,0.8370557
805,1.166975,0.8790593
806,1.2037777,0.9225155
807,1.2382846,0.9622006
808,1.2591242,0.9974206
809,1.2766958,1.0287534
810,1.304682,1.0572186
811,1.3234447,1.0817658
812,1.3408043,1.1071852
813,1.3518174,1.1330863
814,1.3611258,1.159959
815,1.3699981,1.1803725
816,1.3751287,1.1944252
817,1.3803581,1.203198
818,1.383848,1.2112036
819,1.361717,1.2235196
820,1.3702085,1.2344358
821,1.3693396,1.2387335
822,1.3398294,1.2357514
823,1.3197633,1.2281331
824,1.2823453,1.218482
825,1.2218231,1.202842
826,1.1055175,1.1853473
827,0.9691713,1.1650118
828,0.8557687,1.1422311
829,0.76914185,1.1173539
830,0.6997599,1.0927904
831,0.66448873,1.0664165
832,0.62726915,1.0409918
833,0.60357326,1.0106062
834,0.57878655,0.9763661
835,0.57003623,0.9396714
836,0.5410164,0.9043102
837,0.498045,0.87086594
838,0.48462468,0.83550423
839,0.43544847,0.79671013
840,0.40004975,0.75476384
841,0.3669998,0.7100214
842,0.3393523,0.66320425
843,0.27672938,0.61435825
844,0.20639676,0.56668025
845,0.16365835,0.5181862
846,0.12061466,0.46799794
847,0.08411273,0.41704604
848,0.04701915,0.36699304
849,0.005193555,0.31707776
850,-0.03063197,0.26950344
851,-0.07182059,0.21887648
852,-0.10884451,0.16595267
853,-0.14545058,0.113739684
854,-0.18154663,0.063732445
855,-0.21675853,0.014117511
856,-0.25112683,-0.0372727
857,-0.2853206,-0.08875794
858,-0.32189995,-0.13781397
859,-0.3517623,-0.18644266
860,-0.38407713,-0.23473085
861,-0.41426855,-0.28364748
862,-0.4415452,-0.33042347
863,-0.46985915,-0.3747666
864,-0.49227443,-0.4178865
865,-0.5118571,-0.4599798
866,-0.529754,-0.50029296
867,-0.54826254,-0.5382688
868,-0.5646524,-0.57309175
869,-0.57998097,-0.6076674
870,-0.5927501,-0.64222145
871,-0.60434103,-0.6757701
872,-0.6175064,-0.7074491
873,-0.63011974,-0.73763025
874,-0.6408046,-0.76774365
875,-0.6535925,-0.7965386
876,-0.6644703,-0.82308716
877,-0.67254555,-0.84796107
878,-0.67990303,-0.87120974
879,-0.6869869,-0.8939241
880,-0.6951057,-0.91465586
881,-0.70362276,-0.93348897
882,-0.7110971,-0.9508858
883,-0.72024786,-0.9672469
884,-0.7363208,-0.9821235
885,-0.7587139,-0.99577177
886,-0.7893823,-1.0080249
887,-0.8313663,-1.0194811
888,-0.87841207,-1.0304164
889,-0.9517274,-1.0411195
890,-0.9958377,-1.0512903
891,-1.0104803,-1.061058
892,-1.028414,-1.0703769
893,-1.0383632,-1.0789908
894,-1.0279521,-1.0870062
895,-1.0152041,-1.0948588
896,-1.0333507,-1.1026847
897,-1.0287964,-1.110725
898,-1.0205244,-1.1188307
899,-0.9990401,-1.1272763
900,-0.9621748,-1.136114
901,-0.93981475,-1.1454457
902,-0.92752427,-1.1551642
903,-0.941379,-1.1653298
904,-0.9423045,-1.1757753
905,-0.9607341,-1.1865137
906,-0.9793993,-1.197369
907,-1.0128084,-1.2083378
908,-1.0379982,-1.2191775
909,-1.0562885,-1.2298695
910,-1.0788096,-1.2402121
911,-1.0912777,-1.2501888
912,-1.1107944,-1.2596002
913,-1.1261259,-1.2684214
914,-1.1412429,-1.2764481
915,-1.1498424,-1.2836562
916,-1.1629905,-1.2898513
917,-1.1777172,-1.2950258
918,-1.1820256,-1.2990072
919,-1.1970937,-1.3018103
920,-1.192629,-1.3032933
921,-1.2097453,-1.3035061
922,-1.200777,-1.3023369
923,-1.2097527,-1.2998677
924,-1.2103035,-1.2960166
925,-1.2168761,-1.2908893
926,-1.217505,-1.284432
927,-1.2161587,-1.2767565
928,-1.2048047,-1.267773
929,-1.173391,-1.2575403
930,-1.180948,-1.2459248
931,-1.1840602,-1.2329488
932,-1.1821296,-1.2184479
933,-1.1924288,-1.2023917
934,-1.1934516,-1.1845144
935,-1.1561533,-1.1646636
936,-1.1398941,-1.1425222
937,-1.1351631,-1.118069
938,-1.1090565,-1.0914366
939,-1.1175125,-1.0627964
940,-1.0991203,-1.0318888
941,-1.0928633,-0.9990878
942,-1.0902927,-0.9638125
943,-1.072369,-0.9261641
944,-1.0640107,-0.88681036
945,-1.0459276,-0.8460079
946,-1.0111452,-0.80289495
947,-0.99516153,-0.75785536
948,-0.9833533,-0.7113275
949,-0.94309455,-0.6637571
950,-0.9158255,-0.61553085
951,-0.9039268,-0.56658983
952,-0.87146264,-0.51693565
953,-0.8255749,-0.46687227
954,-0.74704635,-0.41646886
955,-0.6385314,-0.36550575
956,-0.5292811,-0.31298646
957,-0.4251323,-0.25992665
958,-0.35853863,-0.206441
959,-0.32357845,-0.1531463
960,-0.35046178,-0.09888262
961,-0.32124555,-0.04249976
962,-0.27892697,0.014539891
963,-0.19768876,0.070519045
964,-0.1978821,0.12550706
965,-0.18753007,0.17976369
966,-0.17578055,0.23354809
967,-0.15987024,0.28447777
968,-0.15092936,0.33528367
969,-0.098692305,0.38635334
970,-0.04199591,0.43653998
971,0.014213788,0.48656878
972,0.07796074,0.5339612
973,0.1478047,0.57902443
974,0.20227255,0.62485504
975,0.27197897,0.6690358
976,0.33058608,0.7118314
977,0.35744092,0.7531493
978,0.36465552,0.79200006
979,0.35796094,0.8295297
980,0.32542658,0.8657322
981,0.25533465,0.89707154
982,0.2264356,0.9199985
983,0.1828424,0.9382923
984,0.22515786,0.9514473
985,0.1878659,0.95621186
986,0.0074445303,0.9610423
987,-0.26866403,0.9639716
988,-0.5685533,0.96421546
989,-0.7158603,0.9631772
990,-0.77863044,0.9580435
991,-0.78348076,0.95021117
992,-0.78265893,0.9422331
993,-0.77464896,0.9320613
994,-0.71325153,0.9201318
995,-0.6373027,0.9076667
996,-0.53708124,0.89197546
997,-0.37281108,0.873302
998,-0.24371539,0.8533695
999,-0.0890514,0.8302754
1000,0.049123034,0.80294585
1001,0.1269814,0.7759275
1002,0.19381425,0.74597305
1003,0.27827913,0.71123785
1004,0.3581373,0.67686075
1005,0.43989068,0.6406054
1006,0.5125689,0.604299
1007,0.5101958,0.5675433
1008,0.45794335,0.52973264
1009,0.3979591,0.49111408
1010,0.3418458,0.4531282
1011,0.2697357,0.4138186
1012,0.20935836,0.37164676
1013,0.12963966,0.32817197
1014,0.07763757,0.28293484
1015,0.015623923,0.236239
1016,-0.03363386,0.18788911
1017,-0.08398853,0.13835274
1018,-0.113978796,0.08999197
1019,-0.1526983,0.044803437
1020,-0.19833168,0.000695015
1021,-0.23233932,-0.043452237
1022,-0.26400918,-0.08895661
1023,-0.2986717,-0.13361478
1024,-0.3462583,-0.17409451
1025,-0.35844868,-0.2115106
1026,-0.39042893,-0.2462578
1027,-0.41249886,-0.2794829
1028,-0.42087108,-0.30895215
1029,-0.44112784,-0.33724186
1030,-0.44949993,-0.36476892
1031,-0.45194766,-0.3904478
1032,-0.46197534,-0.4126663
1033,-0.45968673,-0.43209347
1034,-0.4725076,-0.45033577
1035,-0.47411105,-0.46748224
1036,-0.47344837,-0.48183337
1037,-0.48010984,-0.4929146
1038,-0.47968054,-0.5008794
1039,-0.47436494,-0.5067547
1040,-0.48897913,-0.5127009
1041,-0.4804049,-0.5160165
1042,-0.48673335,-0.5155037
1043,-0.49063554,-0.5120769
1044,-0.47196722,-0.50633645
1045,-0.45539036,-0.49913046
1046,-0.43064466,-0.48943734
1047,-0.4358872,-0.4774545
1048,-0.3523936,-0.46223226
1049,-0.35549876,-0.4445874
1050,-0.39310336,-0.42202377
1051,-0.35040265,-0.39667657
1052,-0.3560803,-0.3694772
1053,-0.36018333,-0.34011978
1054,-0.45965052,-0.3078605
1055,-0.20158292,-0.27186328
1056,-0.24432631,-0.23417571
1057,-0.2730697,-0.19353116
1058,-0.12542817,-0.14953792
1059,-0.12689859,-0.10304247
1060,-0.16931517,-0.055815335
1061,-0.11583065,-0.007329104
1062,-0.028603375,0.042779494
1063,0.02690812,0.09261846
1064,0.029071778,0.14206296
1065,0.18661608,0.19359083
1066,0.21987018,0.24762422
1067,0.4021089,0.30220905
1068,0.3871831,0.35860026
1069,0.7190525,0.4122516
1070,0.55609924,0.46186742
1071,0.74703985,0.50876075
1072,0.8960242,0.55847317
1073,1.0720376,0.61166096
1074,0.9757353,0.6635443
1075,0.93649864,0.7142566
1076,1.0751382,0.7662635
1077,1.148738,0.8177396
1078,1.2261484,0.8649819
1079,1.2914456,0.91155165
1080,1.4734732,0.95595336
1081,1.4662892,0.99947745
1082,1.4947647,1.0425303
1083,1.4486065,1.0869479
1084,1.4580169,1.1306982
1085,1.4183508,1.1727031
1086,1.4941853,1.2135986
1087,1.5038226,1.2503136
1088,1.352123,1.2791581
1089,1.4329145,1.3019984
1090,1.508728,1.3269067
1091,1.4747869,1.3567483
1092,1.5740106,1.3858966
1093,1.6112791,1.4072229
1094,1.5494313,1.4245076
1095,1.5785714,1.4353406
1096,1.4210699,1.4403266
1097,1.6136479,1.4430588
1098,1.6575291,1.4411321
1099,1.737317,1.4350562
1100,1.642424,1.4254888
1101,1.6197711,1.4137422
1102,1.7448852,1.3962803
1103,1.6166613,1.3743844
1104,1.6566668,1.3482211
1105,1.7117273,1.3191352
1106,1.8064986,1.2864146
1107,1.5972991,1.2501184
1108,1.6684512,1.2122695
1109,1.6068329,1.1777892
1110,1.5225599,1.1423473
1111,1.4019182,1.1010894
1112,1.475284,1.0569434
1113,1.2518742,1.0097374
1114,1.112556,0.9603049
1115,1.1633695,0.910504
1116,1.1369779,0.86037594
1117,0.95775545,0.8091628
1118,0.89992356,0.75643414
1119,0.81429476,0.7010479
1120,0.85687375,0.64209515
1121,0.6284806,0.5825233
1122,0.73062986,0.5213977
1123,0.61735874,0.4598104
1124,0.5370769,0.39917192
1125,0.5106508,0.33937296
1126,0.3902324,0.27825555
1127,0.26879305,0.21762064
1128,0.27612466,0.15617368
1129,0.15108252,0.09236634
1130,0.10273814,0.02779419
1131,-0.010573459,-0.036091954
1132,0.0634229,-0.099464685
1133,-0.057694677,-0.16296841
1134,-0.0033121512,-0.22647108
1135,-0.20321733,-0.28785357
1136,-0.13243526,-0.3478395
1137,-0.32377174,-0.40751404
1138,-0.2648888,-0.46790907
1139,-0.32843328,-0.5263704
1140,-0.33689123,-0.5829788
1141,-0.4590488,-0.6380026
1142,-0.41223222,-0.690432
1143,-0.5482232,-0.73921627
1144,-0.51516217,-0.78707963
1145,-0.58209056,-0.8338307
1146,-0.6392565,-0.87949353
1147,-0.6064374,-0.92361593
1148,-0.7382423,-0.9667678
1149,-0.77547365,-1.0086743
1150,-0.79619443,-1.0480978
1151,-0.8938335,-1.085697
1152,-0.86325234,-1.1213388
1153,-0.9481664,-1.154275
1154,-1.0177767,-1.1841804
1155,-0.9523281,-1.2109494
1156,-0.9869827,-1.2351898
1157,-1.0704957,-1.2556871
1158,-1.0155432,-1.2726272
1159,-1.0118966,-1.2864885
1160,-0.9598059,-1.2970314
1161,-0.67674136,-1.3036178
1162,-0.6472458,-1.3063884
